Precio,Call Vol,Put Vol,Net Delta,Net Gex,Total IO,Net IO,Call OI,Put OI,Net Vol,Cash Call,Cash Put,IV Call,IV Put,Call Delta,Delta Put,Cash Neto,IV Neta,Delta Neto,CallAsk,CallBid,PutAsk,PutBid,TotalCall,TotalPut,SNeto,Timestamp (QQQ)
635.77,0,0,1507453,102973,50890,21516,36203,14687,0,0,0,0,0,0,0,0,0,0,0,0,0,0,0,0,0,2025-10-30 04:46:36
635.77,0,0,1506866,101980,50890,21516,36203,14687,0,0,0,0,0,0,0,0,0,0,0,0,0,0,0,0,0,2025-10-30 04:46:41
635.77,0,0,1507063,102973,50890,21516,36203,14687,0,0,0,0,0,0,0,0,0,0,0,0,0,0,0,0,0,2025-10-30 04:46:46
635.77,0,0,1502658,102979,50890,21516,36203,14687,0,0,0,0,0,0,0,0,0,0,0,0,0,0,0,0,0,2025-10-30 04:46:55
635.77,0,0,1495389,101135,50890,21516,36203,14687,0,0,0,0,0,0,0,0,0,0,0,0,0,0,0,0,0,2025-10-30 04:47:00
635.77,0,0,1491948,101135,50890,21516,36203,14687,0,0,0,0,0,0,0,0,0,0,0,0,0,0,0,0,0,2025-10-30 04:47:05
635.77,0,0,1476066,100867,50890,21516,36203,14687,0,0,0,0,0,0,0,0,0,0,0,0,0,0,0,0,0,2025-10-30 04:47:11
635.77,0,0,1459958,104195,50890,21516,36203,14687,0,0,0,0,0,0,0,0,0,0,0,0,0,0,0,0,0,2025-10-30 04:47:16
635.77,0,0,1474089,100867,50890,21516,36203,14687,0,0,0,0,0,0,0,0,0,0,0,0,0,0,0,0,0,2025-10-30 04:47:21
635.77,0,0,1487213,101135,50890,21516,36203,14687,0,0,0,0,0,0,0,0,0,0,0,0,0,0,0,0,0,2025-10-30 04:47:26
635.77,0,0,1472318,101792,50890,21516,36203,14687,0,0,0,0,0,0,0,0,0,0,0,0,0,0,0,0,0,2025-10-30 04:47:31
635.77,0,0,1463645,103563,50890,21516,36203,14687,0,0,0,0,0,0,0,0,0,0,0,0,0,0,0,0,0,2025-10-30 04:47:36
635.77,0,0,1459958,104195,50890,21516,36203,14687,0,0,0,0,0,0,0,0,0,0,0,0,0,0,0,0,0,2025-10-30 04:47:41
635.77,0,0,1459958,104195,50890,21516,36203,14687,0,0,0,0,0,0,0,0,0,0,0,0,0,0,0,0,0,2025-10-30 04:48:01
635.77,0,0,1451166,104195,50890,21516,36203,14687,0,0,0,0,0,0,0,0,0,0,0,0,0,0,0,0,0,2025-10-30 04:48:21
635.77,0,0,1426256,103812,50890,21516,36203,14687,0,0,0,0,0,0,0,0,0,0,0,0,0,0,0,0,0,2025-10-30 04:48:41
635.77,0,0,1418082,103812,50890,21516,36203,14687,0,0,0,0,0,0,0,0,0,0,0,0,0,0,0,0,0,2025-10-30 04:49:01
635.77,0,0,1428215,103812,50890,21516,36203,14687,0,0,0,0,0,0,0,0,0,0,0,0,0,0,0,0,0,2025-10-30 04:49:22
635.77,0,0,1458105,104195,50890,21516,36203,14687,0,0,0,0,0,0,0,0,0,0,0,0,0,0,0,0,0,2025-10-30 04:49:42
635.77,0,0,1459958,104195,50890,21516,36203,14687,0,0,0,0,0,0,0,0,0,0,0,0,0,0,0,0,0,2025-10-30 04:50:02
635.77,0,0,1458187,104195,50890,21516,36203,14687,0,0,0,0,0,0,0,0,0,0,0,0,0,0,0,0,0,2025-10-30 04:50:22
635.77,0,0,1459958,104195,50890,21516,36203,14687,0,0,0,0,0,0,0,0,0,0,0,0,0,0,0,0,0,2025-10-30 04:50:42
635.77,0,0,1463013,103563,50890,21516,36203,14687,0,0,0,0,0,0,0,0,0,0,0,0,0,0,0,0,0,2025-10-30 04:51:02
635.77,0,0,1442556,105812,50890,21516,36203,14687,0,0,0,0,0,0,0,0,0,0,0,0,0,0,0,0,0,2025-10-30 04:51:22
635.77,0,0,1442556,105812,50890,21516,36203,14687,0,0,0,0,0,0,0,0,0,0,0,0,0,0,0,0,0,2025-10-30 04:51:42
635.77,0,0,1427605,103812,50890,21516,36203,14687,0,0,0,0,0,0,0,0,0,0,0,0,0,0,0,0,0,2025-10-30 04:52:03
635.77,0,0,1447134,105812,50890,21516,36203,14687,0,0,0,0,0,0,0,0,0,0,0,0,0,0,0,0,0,2025-10-30 04:52:23
635.77,0,0,1443275,105812,50890,21516,36203,14687,0,0,0,0,0,0,0,0,0,0,0,0,0,0,0,0,0,2025-10-30 04:52:43
635.77,0,0,1438016,105812,50890,21516,36203,14687,0,0,0,0,0,0,0,0,0,0,0,0,0,0,0,0,0,2025-10-30 04:53:03
635.77,0,0,1459958,104195,50890,21516,36203,14687,0,0,0,0,0,0,0,0,0,0,0,0,0,0,0,0,0,2025-10-30 04:53:23
635.77,0,0,1459958,104195,50890,21516,36203,14687,0,0,0,0,0,0,0,0,0,0,0,0,0,0,0,0,0,2025-10-30 04:53:44
635.77,0,0,1451166,104195,50890,21516,36203,14687,0,0,0,0,0,0,0,0,0,0,0,0,0,0,0,0,0,2025-10-30 04:53:54
635.77,0,0,1459958,104195,50890,21516,36203,14687,0,0,0,0,0,0,0,0,0,0,0,0,0,0,0,0,0,2025-10-30 04:54:14
635.77,0,0,1459958,104195,50890,21516,36203,14687,0,0,0,0,0,0,0,0,0,0,0,0,0,0,0,0,0,2025-10-30 04:54:34
635.77,0,0,1459958,104195,50890,21516,36203,14687,0,0,0,0,0,0,0,0,0,0,0,0,0,0,0,0,0,2025-10-30 04:54:54
635.77,0,0,1472318,101792,50890,21516,36203,14687,0,0,0,0,0,0,0,0,0,0,0,0,0,0,0,0,0,2025-10-30 04:55:14
635.77,0,0,1482488,100867,50890,21516,36203,14687,0,0,0,0,0,0,0,0,0,0,0,0,0,0,0,0,0,2025-10-30 04:55:34
635.77,0,0,1502658,102979,50890,21516,36203,14687,0,0,0,0,0,0,0,0,0,0,0,0,0,0,0,0,0,2025-10-30 04:55:54
635.77,0,0,1489971,101135,50890,21516,36203,14687,0,0,0,0,0,0,0,0,0,0,0,0,0,0,0,0,0,2025-10-30 04:56:15
635.77,0,0,1459958,104195,50890,21516,36203,14687,0,0,0,0,0,0,0,0,0,0,0,0,0,0,0,0,0,2025-10-30 04:56:35
635.77,0,0,1472318,101792,50890,21516,36203,14687,0,0,0,0,0,0,0,0,0,0,0,0,0,0,0,0,0,2025-10-30 04:56:55
635.77,0,0,1482488,100867,50890,21516,36203,14687,0,0,0,0,0,0,0,0,0,0,0,0,0,0,0,0,0,2025-10-30 04:57:15
635.77,0,0,1495389,101135,50890,21516,36203,14687,0,0,0,0,0,0,0,0,0,0,0,0,0,0,0,0,0,2025-10-30 04:57:35
635.77,0,0,1507063,102973,50890,21516,36203,14687,0,0,0,0,0,0,0,0,0,0,0,0,0,0,0,0,0,2025-10-30 04:57:55
635.77,0,0,1476066,100867,50890,21516,36203,14687,0,0,0,0,0,0,0,0,0,0,0,0,0,0,0,0,0,2025-10-30 04:58:15
635.77,0,0,1463013,103563,50890,21516,36203,14687,0,0,0,0,0,0,0,0,0,0,0,0,0,0,0,0,0,2025-10-30 04:58:35
635.77,0,0,1459958,104195,50890,21516,36203,14687,0,0,0,0,0,0,0,0,0,0,0,0,0,0,0,0,0,2025-10-30 04:58:55
635.77,0,0,1456968,104195,50890,21516,36203,14687,0,0,0,0,0,0,0,0,0,0,0,0,0,0,0,0,0,2025-10-30 04:59:16
635.77,0,0,1459958,104195,50890,21516,36203,14687,0,0,0,0,0,0,0,0,0,0,0,0,0,0,0,0,0,2025-10-30 04:59:36
635.77,0,0,1451166,104195,50890,21516,36203,14687,0,0,0,0,0,0,0,0,0,0,0,0,0,0,0,0,0,2025-10-30 04:59:56
635.77,0,0,1466683,103563,50890,21516,36203,14687,0,0,0,0,0,0,0,0,0,0,0,0,0,0,0,0,0,2025-10-30 05:00:16
635.77,0,0,1491948,101135,50890,21516,36203,14687,0,0,0,0,0,0,0,0,0,0,0,0,0,0,0,0,0,2025-10-30 05:00:36
635.77,0,0,1474089,100867,50890,21516,36203,14687,0,0,0,0,0,0,0,0,0,0,0,0,0,0,0,0,0,2025-10-30 05:00:56
635.77,0,0,1474089,100867,50890,21516,36203,14687,0,0,0,0,0,0,0,0,0,0,0,0,0,0,0,0,0,2025-10-30 05:01:16
635.77,0,0,1507453,102973,50890,21516,36203,14687,0,0,0,0,0,0,0,0,0,0,0,0,0,0,0,0,0,2025-10-30 05:01:36
635.77,0,0,1502658,102979,50890,21516,36203,14687,0,0,0,0,0,0,0,0,0,0,0,0,0,0,0,0,0,2025-10-30 05:01:57
635.77,0,0,1459958,104195,50890,21516,36203,14687,0,0,0,0,0,0,0,0,0,0,0,0,0,0,0,0,0,2025-10-30 05:02:17
635.77,0,0,1487822,101135,50890,21516,36203,14687,0,0,0,0,0,0,0,0,0,0,0,0,0,0,0,0,0,2025-10-30 05:02:37
635.77,0,0,1487213,101135,50890,21516,36203,14687,0,0,0,0,0,0,0,0,0,0,0,0,0,0,0,0,0,2025-10-30 05:02:57
635.77,0,0,1487213,101135,50890,21516,36203,14687,0,0,0,0,0,0,0,0,0,0,0,0,0,0,0,0,0,2025-10-30 05:03:17
635.77,0,0,1458187,104195,50890,21516,36203,14687,0,0,0,0,0,0,0,0,0,0,0,0,0,0,0,0,0,2025-10-30 05:03:37
635.77,0,0,1449668,104041,50890,21516,36203,14687,0,0,0,0,0,0,0,0,0,0,0,0,0,0,0,0,0,2025-10-30 05:03:57
635.77,0,0,1442556,105812,50890,21516,36203,14687,0,0,0,0,0,0,0,0,0,0,0,0,0,0,0,0,0,2025-10-30 05:04:17
635.77,0,0,1451166,104195,50890,21516,36203,14687,0,0,0,0,0,0,0,0,0,0,0,0,0,0,0,0,0,2025-10-30 05:04:38
635.77,0,0,1458187,104195,50890,21516,36203,14687,0,0,0,0,0,0,0,0,0,0,0,0,0,0,0,0,0,2025-10-30 05:04:49
635.77,0,0,1459958,104195,50890,21516,36203,14687,0,0,0,0,0,0,0,0,0,0,0,0,0,0,0,0,0,2025-10-30 05:05:09
635.77,0,0,1463013,103563,50890,21516,36203,14687,0,0,0,0,0,0,0,0,0,0,0,0,0,0,0,0,0,2025-10-30 05:05:18
635.77,0,0,1451166,104041,50890,21516,36203,14687,0,0,0,0,0,0,0,0,0,0,0,0,0,0,0,0,0,2025-10-30 05:05:38
635.77,0,0,1459958,104195,50890,21516,36203,14687,0,0,0,0,0,0,0,0,0,0,0,0,0,0,0,0,0,2025-10-30 05:05:59
635.77,0,0,1487822,101135,50890,21516,36203,14687,0,0,0,0,0,0,0,0,0,0,0,0,0,0,0,0,0,2025-10-30 05:06:19
635.77,0,0,1487822,101135,50890,21516,36203,14687,0,0,0,0,0,0,0,0,0,0,0,0,0,0,0,0,0,2025-10-30 05:06:39
635.77,0,0,1538116,108306,50890,21516,36203,14687,0,0,0,0,0,0,0,0,0,0,0,0,0,0,0,0,0,2025-10-30 05:06:59
635.77,0,0,1532706,108696,50890,21516,36203,14687,0,0,0,0,0,0,0,0,0,0,0,0,0,0,0,0,0,2025-10-30 05:07:19
635.77,0,0,1510591,108756,50890,21516,36203,14687,0,0,0,0,0,0,0,0,0,0,0,0,0,0,0,0,0,2025-10-30 05:07:39
635.77,0,0,1526100,109328,50890,21516,36203,14687,0,0,0,0,0,0,0,0,0,0,0,0,0,0,0,0,0,2025-10-30 05:07:59
635.77,0,0,1510591,108756,50890,21516,36203,14687,0,0,0,0,0,0,0,0,0,0,0,0,0,0,0,0,0,2025-10-30 05:08:19
635.77,0,0,1528959,108696,50890,21516,36203,14687,0,0,0,0,0,0,0,0,0,0,0,0,0,0,0,0,0,2025-10-30 05:08:40
635.77,0,0,1510591,108756,50890,21516,36203,14687,0,0,0,0,0,0,0,0,0,0,0,0,0,0,0,0,0,2025-10-30 05:09:00
635.77,0,0,1558780,108400,50890,21516,36203,14687,0,0,0,0,0,0,0,0,0,0,0,0,0,0,0,0,0,2025-10-30 05:09:20
635.77,0,0,1551516,108400,50890,21516,36203,14687,0,0,0,0,0,0,0,0,0,0,0,0,0,0,0,0,0,2025-10-30 05:09:40
635.77,0,0,1548680,107471,50890,21516,36203,14687,0,0,0,0,0,0,0,0,0,0,0,0,0,0,0,0,0,2025-10-30 05:10:00
635.77,0,0,1526100,109328,50890,21516,36203,14687,0,0,0,0,0,0,0,0,0,0,0,0,0,0,0,0,0,2025-10-30 05:10:20
635.77,0,0,1506866,101980,50890,21516,36203,14687,0,0,0,0,0,0,0,0,0,0,0,0,0,0,0,0,0,2025-10-30 05:10:40
635.77,0,0,1507453,102973,50890,21516,36203,14687,0,0,0,0,0,0,0,0,0,0,0,0,0,0,0,0,0,2025-10-30 05:11:01
635.77,0,0,1489971,101135,50890,21516,36203,14687,0,0,0,0,0,0,0,0,0,0,0,0,0,0,0,0,0,2025-10-30 05:11:21
635.77,0,0,1487822,101135,50890,21516,36203,14687,0,0,0,0,0,0,0,0,0,0,0,0,0,0,0,0,0,2025-10-30 05:11:41
635.77,0,0,1420580,103812,50890,21516,36203,14687,0,0,0,0,0,0,0,0,0,0,0,0,0,0,0,0,0,2025-10-30 05:12:01
635.77,0,0,1419065,103812,50890,21516,36203,14687,0,0,0,0,0,0,0,0,0,0,0,0,0,0,0,0,0,2025-10-30 05:12:21
635.77,0,0,1416567,103812,50890,21516,36203,14687,0,0,0,0,0,0,0,0,0,0,0,0,0,0,0,0,0,2025-10-30 05:12:41
635.77,0,0,1438016,105812,50890,21516,36203,14687,0,0,0,0,0,0,0,0,0,0,0,0,0,0,0,0,0,2025-10-30 05:13:01
635.77,0,0,1482488,100867,50890,21516,36203,14687,0,0,0,0,0,0,0,0,0,0,0,0,0,0,0,0,0,2025-10-30 05:13:21
635.77,0,0,1459958,104195,50890,21516,36203,14687,0,0,0,0,0,0,0,0,0,0,0,0,0,0,0,0,0,2025-10-30 05:13:42
635.77,0,0,1459958,104195,50890,21516,36203,14687,0,0,0,0,0,0,0,0,0,0,0,0,0,0,0,0,0,2025-10-30 05:14:02
635.77,0,0,1459958,104195,50890,21516,36203,14687,0,0,0,0,0,0,0,0,0,0,0,0,0,0,0,0,0,2025-10-30 05:14:22
635.77,0,0,1459958,104195,50890,21516,36203,14687,0,0,0,0,0,0,0,0,0,0,0,0,0,0,0,0,0,2025-10-30 05:14:42
635.77,0,0,1476066,100867,50890,21516,36203,14687,0,0,0,0,0,0,0,0,0,0,0,0,0,0,0,0,0,2025-10-30 05:15:02
635.77,0,0,1476066,100867,50890,21516,36203,14687,0,0,0,0,0,0,0,0,0,0,0,0,0,0,0,0,0,2025-10-30 05:15:22
635.77,0,0,1458105,104195,50890,21516,36203,14687,0,0,0,0,0,0,0,0,0,0,0,0,0,0,0,0,0,2025-10-30 05:15:42
635.77,0,0,1428215,103812,50890,21516,36203,14687,0,0,0,0,0,0,0,0,0,0,0,0,0,0,0,0,0,2025-10-30 05:16:03
635.77,0,0,1438016,105812,50890,21516,36203,14687,0,0,0,0,0,0,0,0,0,0,0,0,0,0,0,0,0,2025-10-30 05:16:13
635.77,0,0,1443275,105812,50890,21516,36203,14687,0,0,0,0,0,0,0,0,0,0,0,0,0,0,0,0,0,2025-10-30 05:16:33
635.77,0,0,1444298,105812,50890,21516,36203,14687,0,0,0,0,0,0,0,0,0,0,0,0,0,0,0,0,0,2025-10-30 05:16:43
635.77,0,0,1420580,103812,50890,21516,36203,14687,0,0,0,0,0,0,0,0,0,0,0,0,0,0,0,0,0,2025-10-30 05:17:03
635.77,0,0,1415948,103812,50890,21516,36203,14687,0,0,0,0,0,0,0,0,0,0,0,0,0,0,0,0,0,2025-10-30 05:17:23
635.77,0,0,1412180,102597,50890,21516,36203,14687,0,0,0,0,0,0,0,0,0,0,0,0,0,0,0,0,0,2025-10-30 05:17:43
635.77,0,0,1419065,103812,50890,21516,36203,14687,0,0,0,0,0,0,0,0,0,0,0,0,0,0,0,0,0,2025-10-30 05:18:03
635.77,0,0,1415948,103812,50890,21516,36203,14687,0,0,0,0,0,0,0,0,0,0,0,0,0,0,0,0,0,2025-10-30 05:18:24
635.77,0,0,1416867,103812,50890,21516,36203,14687,0,0,0,0,0,0,0,0,0,0,0,0,0,0,0,0,0,2025-10-30 05:18:44
635.77,0,0,1416567,103812,50890,21516,36203,14687,0,0,0,0,0,0,0,0,0,0,0,0,0,0,0,0,0,2025-10-30 05:19:04
635.77,0,0,1412180,102597,50890,21516,36203,14687,0,0,0,0,0,0,0,0,0,0,0,0,0,0,0,0,0,2025-10-30 05:19:24
635.77,0,0,1405827,102597,50890,21516,36203,14687,0,0,0,0,0,0,0,0,0,0,0,0,0,0,0,0,0,2025-10-30 05:19:44
635.77,0,0,1408420,102597,50890,21516,36203,14687,0,0,0,0,0,0,0,0,0,0,0,0,0,0,0,0,0,2025-10-30 05:20:04
635.77,0,0,1374312,102761,50890,21516,36203,14687,0,0,0,0,0,0,0,0,0,0,0,0,0,0,0,0,0,2025-10-30 05:20:24
635.77,0,0,1338243,93376,50890,21516,36203,14687,0,0,0,0,0,0,0,0,0,0,0,0,0,0,0,0,0,2025-10-30 05:20:45
635.77,0,0,1301708,86845,50890,21516,36203,14687,0,0,0,0,0,0,0,0,0,0,0,0,0,0,0,0,0,2025-10-30 05:21:05
635.77,0,0,1321048,86891,50890,21516,36203,14687,0,0,0,0,0,0,0,0,0,0,0,0,0,0,0,0,0,2025-10-30 05:21:25
635.77,0,0,1309843,86845,50890,21516,36203,14687,0,0,0,0,0,0,0,0,0,0,0,0,0,0,0,0,0,2025-10-30 05:21:45
635.77,0,0,1309843,86891,50890,21516,36203,14687,0,0,0,0,0,0,0,0,0,0,0,0,0,0,0,0,0,2025-10-30 05:22:05
635.77,0,0,1256902,85039,50890,21516,36203,14687,0,0,0,0,0,0,0,0,0,0,0,0,0,0,0,0,0,2025-10-30 05:22:25
635.77,0,0,1267243,85039,50890,21516,36203,14687,0,0,0,0,0,0,0,0,0,0,0,0,0,0,0,0,0,2025-10-30 05:22:45
635.77,0,0,1256902,85039,50890,21516,36203,14687,0,0,0,0,0,0,0,0,0,0,0,0,0,0,0,0,0,2025-10-30 05:23:06
635.77,0,0,1245422,85410,50890,21516,36203,14687,0,0,0,0,0,0,0,0,0,0,0,0,0,0,0,0,0,2025-10-30 05:23:26
635.77,0,0,1221380,84338,50890,21516,36203,14687,0,0,0,0,0,0,0,0,0,0,0,0,0,0,0,0,0,2025-10-30 05:23:46
635.77,0,0,1239828,85410,50890,21516,36203,14687,0,0,0,0,0,0,0,0,0,0,0,0,0,0,0,0,0,2025-10-30 05:24:06
635.77,0,0,1232391,85410,50890,21516,36203,14687,0,0,0,0,0,0,0,0,0,0,0,0,0,0,0,0,0,2025-10-30 05:24:26
635.77,0,0,1231452,83967,50890,21516,36203,14687,0,0,0,0,0,0,0,0,0,0,0,0,0,0,0,0,0,2025-10-30 05:24:46
635.77,0,0,1237822,85410,50890,21516,36203,14687,0,0,0,0,0,0,0,0,0,0,0,0,0,0,0,0,0,2025-10-30 05:25:06
635.77,0,0,1272335,85039,50890,21516,36203,14687,0,0,0,0,0,0,0,0,0,0,0,0,0,0,0,0,0,2025-10-30 05:25:27
635.77,0,0,1272335,85039,50890,21516,36203,14687,0,0,0,0,0,0,0,0,0,0,0,0,0,0,0,0,0,2025-10-30 05:25:47
635.77,0,0,1277611,85964,50890,21516,36203,14687,0,0,0,0,0,0,0,0,0,0,0,0,0,0,0,0,0,2025-10-30 05:26:07
635.77,0,0,1290583,86845,50890,21516,36203,14687,0,0,0,0,0,0,0,0,0,0,0,0,0,0,0,0,0,2025-10-30 05:26:27
635.77,0,0,1298841,86845,50890,21516,36203,14687,0,0,0,0,0,0,0,0,0,0,0,0,0,0,0,0,0,2025-10-30 05:26:47
635.77,0,0,1301708,86845,50890,21516,36203,14687,0,0,0,0,0,0,0,0,0,0,0,0,0,0,0,0,0,2025-10-30 05:27:07
635.77,0,0,1298841,86845,50890,21516,36203,14687,0,0,0,0,0,0,0,0,0,0,0,0,0,0,0,0,0,2025-10-30 05:27:28
635.77,0,0,1291001,86845,50890,21516,36203,14687,0,0,0,0,0,0,0,0,0,0,0,0,0,0,0,0,0,2025-10-30 05:27:38
635.77,0,0,1302865,86845,50890,21516,36203,14687,0,0,0,0,0,0,0,0,0,0,0,0,0,0,0,0,0,2025-10-30 05:27:58
635.77,0,0,1297330,86845,50890,21516,36203,14687,0,0,0,0,0,0,0,0,0,0,0,0,0,0,0,0,0,2025-10-30 05:28:08
635.77,0,0,1282478,86845,50890,21516,36203,14687,0,0,0,0,0,0,0,0,0,0,0,0,0,0,0,0,0,2025-10-30 05:28:28
635.77,0,0,1297330,86845,50890,21516,36203,14687,0,0,0,0,0,0,0,0,0,0,0,0,0,0,0,0,0,2025-10-30 05:28:48
635.77,0,0,1282478,86845,50890,21516,36203,14687,0,0,0,0,0,0,0,0,0,0,0,0,0,0,0,0,0,2025-10-30 05:29:08
635.77,0,0,1304005,86845,50890,21516,36203,14687,0,0,0,0,0,0,0,0,0,0,0,0,0,0,0,0,0,2025-10-30 05:29:28
635.77,0,0,1309843,86845,50890,21516,36203,14687,0,0,0,0,0,0,0,0,0,0,0,0,0,0,0,0,0,2025-10-30 05:29:48
635.77,0,0,1299541,86845,50890,21516,36203,14687,0,0,0,0,0,0,0,0,0,0,0,0,0,0,0,0,0,2025-10-30 05:30:09
635.77,0,0,1304005,86845,50890,21516,36203,14687,0,0,0,0,0,0,0,0,0,0,0,0,0,0,0,0,0,2025-10-30 05:30:29
635.77,0,0,1309843,86891,50890,21516,36203,14687,0,0,0,0,0,0,0,0,0,0,0,0,0,0,0,0,0,2025-10-30 05:30:49
635.77,0,0,1309843,86891,50890,21516,36203,14687,0,0,0,0,0,0,0,0,0,0,0,0,0,0,0,0,0,2025-10-30 05:31:09
635.77,0,0,1315790,86891,50890,21516,36203,14687,0,0,0,0,0,0,0,0,0,0,0,0,0,0,0,0,0,2025-10-30 05:31:29
635.77,0,0,1299541,86845,50890,21516,36203,14687,0,0,0,0,0,0,0,0,0,0,0,0,0,0,0,0,0,2025-10-30 05:31:49
635.77,0,0,1311413,86891,50890,21516,36203,14687,0,0,0,0,0,0,0,0,0,0,0,0,0,0,0,0,0,2025-10-30 05:32:09
635.77,0,0,1301708,86845,50890,21516,36203,14687,0,0,0,0,0,0,0,0,0,0,0,0,0,0,0,0,0,2025-10-30 05:32:30
635.77,0,0,1301708,86845,50890,21516,36203,14687,0,0,0,0,0,0,0,0,0,0,0,0,0,0,0,0,0,2025-10-30 05:32:50
635.77,0,0,1290583,86845,50890,21516,36203,14687,0,0,0,0,0,0,0,0,0,0,0,0,0,0,0,0,0,2025-10-30 05:33:10
635.77,0,0,1290583,86845,50890,21516,36203,14687,0,0,0,0,0,0,0,0,0,0,0,0,0,0,0,0,0,2025-10-30 05:33:30
635.77,0,0,1282478,86845,50890,21516,36203,14687,0,0,0,0,0,0,0,0,0,0,0,0,0,0,0,0,0,2025-10-30 05:33:50
635.77,0,0,1277611,85964,50890,21516,36203,14687,0,0,0,0,0,0,0,0,0,0,0,0,0,0,0,0,0,2025-10-30 05:34:10
635.77,0,0,1251440,85410,50890,21516,36203,14687,0,0,0,0,0,0,0,0,0,0,0,0,0,0,0,0,0,2025-10-30 05:34:30
635.77,0,0,1263020,85039,50890,21516,36203,14687,0,0,0,0,0,0,0,0,0,0,0,0,0,0,0,0,0,2025-10-30 05:34:51
635.77,0,0,1260929,85039,50890,21516,36203,14687,0,0,0,0,0,0,0,0,0,0,0,0,0,0,0,0,0,2025-10-30 05:35:11
635.77,0,0,1256623,85039,50890,21516,36203,14687,0,0,0,0,0,0,0,0,0,0,0,0,0,0,0,0,0,2025-10-30 05:35:31
635.77,0,0,1258107,85039,50890,21516,36203,14687,0,0,0,0,0,0,0,0,0,0,0,0,0,0,0,0,0,2025-10-30 05:35:51
635.77,0,0,1257534,85039,50890,21516,36203,14687,0,0,0,0,0,0,0,0,0,0,0,0,0,0,0,0,0,2025-10-30 05:36:11
635.77,0,0,1221252,84141,50890,21516,36203,14687,0,0,0,0,0,0,0,0,0,0,0,0,0,0,0,0,0,2025-10-30 05:36:31
635.77,0,0,1226153,83967,50890,21516,36203,14687,0,0,0,0,0,0,0,0,0,0,0,0,0,0,0,0,0,2025-10-30 05:36:51
635.77,0,0,1221252,84141,50890,21516,36203,14687,0,0,0,0,0,0,0,0,0,0,0,0,0,0,0,0,0,2025-10-30 05:37:12
635.77,0,0,1210190,82633,50890,21516,36203,14687,0,0,0,0,0,0,0,0,0,0,0,0,0,0,0,0,0,2025-10-30 05:37:32
635.77,0,0,1210824,82633,50890,21516,36203,14687,0,0,0,0,0,0,0,0,0,0,0,0,0,0,0,0,0,2025-10-30 05:37:52
635.77,0,0,1218797,82633,50890,21516,36203,14687,0,0,0,0,0,0,0,0,0,0,0,0,0,0,0,0,0,2025-10-30 05:38:12
635.77,0,0,1221243,82633,50890,21516,36203,14687,0,0,0,0,0,0,0,0,0,0,0,0,0,0,0,0,0,2025-10-30 05:38:32
635.77,0,0,1225200,83967,50890,21516,36203,14687,0,0,0,0,0,0,0,0,0,0,0,0,0,0,0,0,0,2025-10-30 05:38:52
635.77,0,0,1213955,82633,50890,21516,36203,14687,0,0,0,0,0,0,0,0,0,0,0,0,0,0,0,0,0,2025-10-30 05:39:03
635.77,0,0,1196875,82633,50890,21516,36203,14687,0,0,0,0,0,0,0,0,0,0,0,0,0,0,0,0,0,2025-10-30 05:39:23
635.77,0,0,1197967,82633,50890,21516,36203,14687,0,0,0,0,0,0,0,0,0,0,0,0,0,0,0,0,0,2025-10-30 05:39:32
635.77,0,0,1218797,82633,50890,21516,36203,14687,0,0,0,0,0,0,0,0,0,0,0,0,0,0,0,0,0,2025-10-30 05:39:52
635.77,0,0,1221243,82633,50890,21516,36203,14687,0,0,0,0,0,0,0,0,0,0,0,0,0,0,0,0,0,2025-10-30 05:40:13
635.77,0,0,1225200,83967,50890,21516,36203,14687,0,0,0,0,0,0,0,0,0,0,0,0,0,0,0,0,0,2025-10-30 05:40:33
635.77,0,0,1221380,84338,50890,21516,36203,14687,0,0,0,0,0,0,0,0,0,0,0,0,0,0,0,0,0,2025-10-30 05:40:53
635.77,0,0,1227383,83967,50890,21516,36203,14687,0,0,0,0,0,0,0,0,0,0,0,0,0,0,0,0,0,2025-10-30 05:41:13
635.77,0,0,1226153,83967,50890,21516,36203,14687,0,0,0,0,0,0,0,0,0,0,0,0,0,0,0,0,0,2025-10-30 05:41:33
635.77,0,0,1221380,84338,50890,21516,36203,14687,0,0,0,0,0,0,0,0,0,0,0,0,0,0,0,0,0,2025-10-30 05:41:53
635.77,0,0,1197967,82633,50890,21516,36203,14687,0,0,0,0,0,0,0,0,0,0,0,0,0,0,0,0,0,2025-10-30 05:42:14
635.77,0,0,1186415,82633,50890,21516,36203,14687,0,0,0,0,0,0,0,0,0,0,0,0,0,0,0,0,0,2025-10-30 05:42:34
635.77,0,0,1171678,82633,50890,21516,36203,14687,0,0,0,0,0,0,0,0,0,0,0,0,0,0,0,0,0,2025-10-30 05:42:54
635.77,0,0,1159214,79684,50890,21516,36203,14687,0,0,0,0,0,0,0,0,0,0,0,0,0,0,0,0,0,2025-10-30 05:43:14
635.77,0,0,1144822,79684,50890,21516,36203,14687,0,0,0,0,0,0,0,0,0,0,0,0,0,0,0,0,0,2025-10-30 05:43:34
635.77,0,0,1161971,82633,50890,21516,36203,14687,0,0,0,0,0,0,0,0,0,0,0,0,0,0,0,0,0,2025-10-30 05:43:54
635.77,0,0,1175477,82633,50890,21516,36203,14687,0,0,0,0,0,0,0,0,0,0,0,0,0,0,0,0,0,2025-10-30 05:44:15
635.77,0,0,1184598,82633,50890,21516,36203,14687,0,0,0,0,0,0,0,0,0,0,0,0,0,0,0,0,0,2025-10-30 05:44:35
635.77,0,0,1187292,82633,50890,21516,36203,14687,0,0,0,0,0,0,0,0,0,0,0,0,0,0,0,0,0,2025-10-30 05:44:55
635.77,0,0,1175468,82633,50890,21516,36203,14687,0,0,0,0,0,0,0,0,0,0,0,0,0,0,0,0,0,2025-10-30 05:45:15
635.77,0,0,1160357,82633,50890,21516,36203,14687,0,0,0,0,0,0,0,0,0,0,0,0,0,0,0,0,0,2025-10-30 05:45:35
635.77,0,0,1175468,82633,50890,21516,36203,14687,0,0,0,0,0,0,0,0,0,0,0,0,0,0,0,0,0,2025-10-30 05:45:55
635.77,0,0,1144822,79684,50890,21516,36203,14687,0,0,0,0,0,0,0,0,0,0,0,0,0,0,0,0,0,2025-10-30 05:46:16
635.77,0,0,1159214,79684,50890,21516,36203,14687,0,0,0,0,0,0,0,0,0,0,0,0,0,0,0,0,0,2025-10-30 05:46:36
635.77,0,0,1144086,79602,50890,21516,36203,14687,0,0,0,0,0,0,0,0,0,0,0,0,0,0,0,0,0,2025-10-30 05:46:56
635.77,0,0,1143231,78347,50890,21516,36203,14687,0,0,0,0,0,0,0,0,0,0,0,0,0,0,0,0,0,2025-10-30 05:47:16
635.77,0,0,1146647,79684,50890,21516,36203,14687,0,0,0,0,0,0,0,0,0,0,0,0,0,0,0,0,0,2025-10-30 05:47:36
635.77,0,0,1159214,79684,50890,21516,36203,14687,0,0,0,0,0,0,0,0,0,0,0,0,0,0,0,0,0,2025-10-30 05:47:56
635.77,0,0,1136308,78356,50890,21516,36203,14687,0,0,0,0,0,0,0,0,0,0,0,0,0,0,0,0,0,2025-10-30 05:48:16
635.77,0,0,1141007,78356,50890,21516,36203,14687,0,0,0,0,0,0,0,0,0,0,0,0,0,0,0,0,0,2025-10-30 05:48:37
635.77,0,0,1122266,70676,50890,21516,36203,14687,0,0,0,0,0,0,0,0,0,0,0,0,0,0,0,0,0,2025-10-30 05:48:57
635.77,0,0,1132207,77427,50890,21516,36203,14687,0,0,0,0,0,0,0,0,0,0,0,0,0,0,0,0,0,2025-10-30 05:49:17
635.77,0,0,1117313,70676,50890,21516,36203,14687,0,0,0,0,0,0,0,0,0,0,0,0,0,0,0,0,0,2025-10-30 05:49:37
635.77,0,0,1116710,70676,50890,21516,36203,14687,0,0,0,0,0,0,0,0,0,0,0,0,0,0,0,0,0,2025-10-30 05:49:57
635.77,0,0,1122266,70676,50890,21516,36203,14687,0,0,0,0,0,0,0,0,0,0,0,0,0,0,0,0,0,2025-10-30 05:50:17
635.77,0,0,1130195,77763,50890,21516,36203,14687,0,0,0,0,0,0,0,0,0,0,0,0,0,0,0,0,0,2025-10-30 05:50:27
635.77,0,0,1117313,70676,50890,21516,36203,14687,0,0,0,0,0,0,0,0,0,0,0,0,0,0,0,0,0,2025-10-30 05:50:47
635.77,0,0,1126827,76973,50890,21516,36203,14687,0,0,0,0,0,0,0,0,0,0,0,0,0,0,0,0,0,2025-10-30 05:50:57
635.77,0,0,1143231,78347,50890,21516,36203,14687,0,0,0,0,0,0,0,0,0,0,0,0,0,0,0,0,0,2025-10-30 05:51:17
635.77,0,0,1134366,77427,50890,21516,36203,14687,0,0,0,0,0,0,0,0,0,0,0,0,0,0,0,0,0,2025-10-30 05:51:37
635.77,0,0,1126827,76973,50890,21516,36203,14687,0,0,0,0,0,0,0,0,0,0,0,0,0,0,0,0,0,2025-10-30 05:51:57
635.77,0,0,1132588,77427,50890,21516,36203,14687,0,0,0,0,0,0,0,0,0,0,0,0,0,0,0,0,0,2025-10-30 05:52:18
635.77,0,0,1135595,78356,50890,21516,36203,14687,0,0,0,0,0,0,0,0,0,0,0,0,0,0,0,0,0,2025-10-30 05:52:38
635.77,0,0,1126827,76973,50890,21516,36203,14687,0,0,0,0,0,0,0,0,0,0,0,0,0,0,0,0,0,2025-10-30 05:52:58
635.77,0,0,1134366,77427,50890,21516,36203,14687,0,0,0,0,0,0,0,0,0,0,0,0,0,0,0,0,0,2025-10-30 05:53:18
635.77,0,0,1126816,76973,50890,21516,36203,14687,0,0,0,0,0,0,0,0,0,0,0,0,0,0,0,0,0,2025-10-30 05:53:38
635.77,0,0,1116711,70676,50890,21516,36203,14687,0,0,0,0,0,0,0,0,0,0,0,0,0,0,0,0,0,2025-10-30 05:53:58
635.77,0,0,1108809,70676,50890,21516,36203,14687,0,0,0,0,0,0,0,0,0,0,0,0,0,0,0,0,0,2025-10-30 05:54:18
635.77,0,0,1116711,70676,50890,21516,36203,14687,0,0,0,0,0,0,0,0,0,0,0,0,0,0,0,0,0,2025-10-30 05:54:39
635.77,0,0,1117313,70676,50890,21516,36203,14687,0,0,0,0,0,0,0,0,0,0,0,0,0,0,0,0,0,2025-10-30 05:54:59
635.77,0,0,1122266,70676,50890,21516,36203,14687,0,0,0,0,0,0,0,0,0,0,0,0,0,0,0,0,0,2025-10-30 05:55:19
635.77,0,0,1130195,77717,50890,21516,36203,14687,0,0,0,0,0,0,0,0,0,0,0,0,0,0,0,0,0,2025-10-30 05:55:39
635.77,0,0,1136317,78356,50890,21516,36203,14687,0,0,0,0,0,0,0,0,0,0,0,0,0,0,0,0,0,2025-10-30 05:55:59
635.77,0,0,1132588,77427,50890,21516,36203,14687,0,0,0,0,0,0,0,0,0,0,0,0,0,0,0,0,0,2025-10-30 05:56:19
635.77,0,0,1141007,78356,50890,21516,36203,14687,0,0,0,0,0,0,0,0,0,0,0,0,0,0,0,0,0,2025-10-30 05:56:40
635.77,0,0,1144250,79684,50890,21516,36203,14687,0,0,0,0,0,0,0,0,0,0,0,0,0,0,0,0,0,2025-10-30 05:57:00
635.77,0,0,1146647,79684,50890,21516,36203,14687,0,0,0,0,0,0,0,0,0,0,0,0,0,0,0,0,0,2025-10-30 05:57:20
635.77,0,0,1166419,82633,50890,21516,36203,14687,0,0,0,0,0,0,0,0,0,0,0,0,0,0,0,0,0,2025-10-30 05:57:40
635.77,0,0,1161971,82633,50890,21516,36203,14687,0,0,0,0,0,0,0,0,0,0,0,0,0,0,0,0,0,2025-10-30 05:58:00
635.77,0,0,1159585,82633,50890,21516,36203,14687,0,0,0,0,0,0,0,0,0,0,0,0,0,0,0,0,0,2025-10-30 05:58:20
635.77,0,0,1144250,79684,50890,21516,36203,14687,0,0,0,0,0,0,0,0,0,0,0,0,0,0,0,0,0,2025-10-30 05:58:41
635.77,0,0,1153362,79684,50890,21516,36203,14687,0,0,0,0,0,0,0,0,0,0,0,0,0,0,0,0,0,2025-10-30 05:59:01
635.77,0,0,1143531,78643,50890,21516,36203,14687,0,0,0,0,0,0,0,0,0,0,0,0,0,0,0,0,0,2025-10-30 05:59:21
635.77,0,0,1143531,78643,50890,21516,36203,14687,0,0,0,0,0,0,0,0,0,0,0,0,0,0,0,0,0,2025-10-30 05:59:41
635.77,0,0,1136317,78356,50890,21516,36203,14687,0,0,0,0,0,0,0,0,0,0,0,0,0,0,0,0,0,2025-10-30 06:00:01
635.77,0,0,1144040,79602,50890,21516,36203,14687,0,0,0,0,0,0,0,0,0,0,0,0,0,0,0,0,0,2025-10-30 06:00:21
635.77,0,0,1144040,79602,50890,21516,36203,14687,0,0,0,0,0,0,0,0,0,0,0,0,0,0,0,0,0,2025-10-30 06:00:41
635.77,0,0,1136317,78356,50890,21516,36203,14687,0,0,0,0,0,0,0,0,0,0,0,0,0,0,0,0,0,2025-10-30 06:01:02
635.77,0,0,1124295,70676,50890,21516,36203,14687,0,0,0,0,0,0,0,0,0,0,0,0,0,0,0,0,0,2025-10-30 06:01:22
635.77,0,0,1127099,76964,50890,21516,36203,14687,0,0,0,0,0,0,0,0,0,0,0,0,0,0,0,0,0,2025-10-30 06:01:42
635.77,0,0,1116711,70676,50890,21516,36203,14687,0,0,0,0,0,0,0,0,0,0,0,0,0,0,0,0,0,2025-10-30 06:01:52
635.77,0,0,1124295,70676,50890,21516,36203,14687,0,0,0,0,0,0,0,0,0,0,0,0,0,0,0,0,0,2025-10-30 06:02:12
635.77,0,0,1117313,70676,50890,21516,36203,14687,0,0,0,0,0,0,0,0,0,0,0,0,0,0,0,0,0,2025-10-30 06:02:22
635.77,0,0,1127099,76964,50890,21516,36203,14687,0,0,0,0,0,0,0,0,0,0,0,0,0,0,0,0,0,2025-10-30 06:02:42
635.77,0,0,1117313,70676,50890,21516,36203,14687,0,0,0,0,0,0,0,0,0,0,0,0,0,0,0,0,0,2025-10-30 06:03:02
635.77,0,0,1127099,76964,50890,21516,36203,14687,0,0,0,0,0,0,0,0,0,0,0,0,0,0,0,0,0,2025-10-30 06:03:22
635.77,0,0,1135595,78356,50890,21516,36203,14687,0,0,0,0,0,0,0,0,0,0,0,0,0,0,0,0,0,2025-10-30 06:03:42
635.77,0,0,1144040,79602,50890,21516,36203,14687,0,0,0,0,0,0,0,0,0,0,0,0,0,0,0,0,0,2025-10-30 06:04:02
635.77,0,0,1144250,79684,50890,21516,36203,14687,0,0,0,0,0,0,0,0,0,0,0,0,0,0,0,0,0,2025-10-30 06:04:23
635.77,0,0,1144095,79602,50890,21516,36203,14687,0,0,0,0,0,0,0,0,0,0,0,0,0,0,0,0,0,2025-10-30 06:04:43
635.77,0,0,1169996,82633,50890,21516,36203,14687,0,0,0,0,0,0,0,0,0,0,0,0,0,0,0,0,0,2025-10-30 06:05:03
635.77,0,0,1146647,79684,50890,21516,36203,14687,0,0,0,0,0,0,0,0,0,0,0,0,0,0,0,0,0,2025-10-30 06:05:23
635.77,0,0,1159585,82633,50890,21516,36203,14687,0,0,0,0,0,0,0,0,0,0,0,0,0,0,0,0,0,2025-10-30 06:05:43
635.77,0,0,1159585,82633,50890,21516,36203,14687,0,0,0,0,0,0,0,0,0,0,0,0,0,0,0,0,0,2025-10-30 06:05:52
635.77,0,0,1159585,82633,50890,21516,36203,14687,0,0,0,0,0,0,0,0,0,0,0,0,0,0,0,0,0,2025-10-30 06:05:57
635.77,0,0,1144249,79684,50890,21516,36203,14687,0,0,0,0,0,0,0,0,0,0,0,0,0,0,0,0,0,2025-10-30 06:06:02
635.77,0,0,1159214,79684,50890,21516,36203,14687,0,0,0,0,0,0,0,0,0,0,0,0,0,0,0,0,0,2025-10-30 06:06:07
635.77,0,0,1169063,82633,50890,21516,36203,14687,0,0,0,0,0,0,0,0,0,0,0,0,0,0,0,0,0,2025-10-30 06:06:13
635.77,0,0,1171678,82633,50890,21516,36203,14687,0,0,0,0,0,0,0,0,0,0,0,0,0,0,0,0,0,2025-10-30 06:06:18
635.77,0,0,1169996,82633,50890,21516,36203,14687,0,0,0,0,0,0,0,0,0,0,0,0,0,0,0,0,0,2025-10-30 06:06:23
635.77,0,0,1169996,82633,50890,21516,36203,14687,0,0,0,0,0,0,0,0,0,0,0,0,0,0,0,0,0,2025-10-30 06:06:28
635.77,0,0,1166419,82633,50890,21516,36203,14687,0,0,0,0,0,0,0,0,0,0,0,0,0,0,0,0,0,2025-10-30 06:06:34
635.77,0,0,1159585,82633,50890,21516,36203,14687,0,0,0,0,0,0,0,0,0,0,0,0,0,0,0,0,0,2025-10-30 06:06:39
635.77,0,0,1169063,82633,50890,21516,36203,14687,0,0,0,0,0,0,0,0,0,0,0,0,0,0,0,0,0,2025-10-30 06:06:44
635.77,0,0,1169063,82633,50890,21516,36203,14687,0,0,0,0,0,0,0,0,0,0,0,0,0,0,0,0,0,2025-10-30 06:06:49
635.77,0,0,1171832,82633,50890,21516,36203,14687,0,0,0,0,0,0,0,0,0,0,0,0,0,0,0,0,0,2025-10-30 06:06:54
635.77,0,0,1169996,82633,50890,21516,36203,14687,0,0,0,0,0,0,0,0,0,0,0,0,0,0,0,0,0,2025-10-30 06:06:59
635.77,0,0,1144249,79684,50890,21516,36203,14687,0,0,0,0,0,0,0,0,0,0,0,0,0,0,0,0,0,2025-10-30 06:07:20
635.77,0,0,1132588,77427,50890,21516,36203,14687,0,0,0,0,0,0,0,0,0,0,0,0,0,0,0,0,0,2025-10-30 06:07:40
635.77,0,0,1144040,79602,50890,21516,36203,14687,0,0,0,0,0,0,0,0,0,0,0,0,0,0,0,0,0,2025-10-30 06:08:00
635.77,0,0,1144249,79684,50890,21516,36203,14687,0,0,0,0,0,0,0,0,0,0,0,0,0,0,0,0,0,2025-10-30 06:08:20
635.77,0,0,1165204,82633,50890,21516,36203,14687,0,0,0,0,0,0,0,0,0,0,0,0,0,0,0,0,0,2025-10-30 06:08:40
635.77,0,0,1175468,82633,50890,21516,36203,14687,0,0,0,0,0,0,0,0,0,0,0,0,0,0,0,0,0,2025-10-30 06:09:00
635.77,0,0,1189595,82633,50890,21516,36203,14687,0,0,0,0,0,0,0,0,0,0,0,0,0,0,0,0,0,2025-10-30 06:09:20
635.77,0,0,1196875,82633,50890,21516,36203,14687,0,0,0,0,0,0,0,0,0,0,0,0,0,0,0,0,0,2025-10-30 06:09:41
635.77,0,0,1183034,82633,50890,21516,36203,14687,0,0,0,0,0,0,0,0,0,0,0,0,0,0,0,0,0,2025-10-30 06:10:01
635.77,0,0,1196875,82633,50890,21516,36203,14687,0,0,0,0,0,0,0,0,0,0,0,0,0,0,0,0,0,2025-10-30 06:10:21
635.77,0,0,1189595,82633,50890,21516,36203,14687,0,0,0,0,0,0,0,0,0,0,0,0,0,0,0,0,0,2025-10-30 06:10:41
635.77,0,0,1204345,82633,50890,21516,36203,14687,0,0,0,0,0,0,0,0,0,0,0,0,0,0,0,0,0,2025-10-30 06:11:01
635.77,0,0,1220872,82633,50890,21516,36203,14687,0,0,0,0,0,0,0,0,0,0,0,0,0,0,0,0,0,2025-10-30 06:11:21
635.77,0,0,1197384,82633,50890,21516,36203,14687,0,0,0,0,0,0,0,0,0,0,0,0,0,0,0,0,0,2025-10-30 06:11:42
635.77,0,0,1187292,82633,50890,21516,36203,14687,0,0,0,0,0,0,0,0,0,0,0,0,0,0,0,0,0,2025-10-30 06:12:02
635.77,0,0,1172779,82633,50890,21516,36203,14687,0,0,0,0,0,0,0,0,0,0,0,0,0,0,0,0,0,2025-10-30 06:12:22
635.77,0,0,1184598,82633,50890,21516,36203,14687,0,0,0,0,0,0,0,0,0,0,0,0,0,0,0,0,0,2025-10-30 06:12:42
635.77,0,0,1197967,82633,50890,21516,36203,14687,0,0,0,0,0,0,0,0,0,0,0,0,0,0,0,0,0,2025-10-30 06:13:02
635.77,0,0,1197967,82633,50890,21516,36203,14687,0,0,0,0,0,0,0,0,0,0,0,0,0,0,0,0,0,2025-10-30 06:13:16
635.77,0,0,1184644,82633,50890,21516,36203,14687,0,0,0,0,0,0,0,0,0,0,0,0,0,0,0,0,0,2025-10-30 06:13:37
635.77,0,0,1177025,82633,50890,21516,36203,14687,0,0,0,0,0,0,0,0,0,0,0,0,0,0,0,0,0,2025-10-30 06:13:46
635.77,0,0,1165204,82633,50890,21516,36203,14687,0,0,0,0,0,0,0,0,0,0,0,0,0,0,0,0,0,2025-10-30 06:14:06
635.77,0,0,1159585,79684,50890,21516,36203,14687,0,0,0,0,0,0,0,0,0,0,0,0,0,0,0,0,0,2025-10-30 06:14:27
635.77,0,0,1171832,82633,50890,21516,36203,14687,0,0,0,0,0,0,0,0,0,0,0,0,0,0,0,0,0,2025-10-30 06:14:47
635.77,0,0,1172779,82633,50890,21516,36203,14687,0,0,0,0,0,0,0,0,0,0,0,0,0,0,0,0,0,2025-10-30 06:15:07
635.77,0,0,1204345,82633,50890,21516,36203,14687,0,0,0,0,0,0,0,0,0,0,0,0,0,0,0,0,0,2025-10-30 06:15:27
635.77,0,0,1201512,82633,50890,21516,36203,14687,0,0,0,0,0,0,0,0,0,0,0,0,0,0,0,0,0,2025-10-30 06:15:47
635.77,0,0,1213955,82633,50890,21516,36203,14687,0,0,0,0,0,0,0,0,0,0,0,0,0,0,0,0,0,2025-10-30 06:16:07
635.77,0,0,1197967,82633,50890,21516,36203,14687,0,0,0,0,0,0,0,0,0,0,0,0,0,0,0,0,0,2025-10-30 06:16:28
635.77,0,0,1213955,82633,50890,21516,36203,14687,0,0,0,0,0,0,0,0,0,0,0,0,0,0,0,0,0,2025-10-30 06:16:48
635.77,0,0,1196575,82633,50890,21516,36203,14687,0,0,0,0,0,0,0,0,0,0,0,0,0,0,0,0,0,2025-10-30 06:17:08
635.77,0,0,1187292,82633,50890,21516,36203,14687,0,0,0,0,0,0,0,0,0,0,0,0,0,0,0,0,0,2025-10-30 06:17:28
635.77,0,0,1184598,82633,50890,21516,36203,14687,0,0,0,0,0,0,0,0,0,0,0,0,0,0,0,0,0,2025-10-30 06:17:48
635.77,0,0,1175468,82633,50890,21516,36203,14687,0,0,0,0,0,0,0,0,0,0,0,0,0,0,0,0,0,2025-10-30 06:18:08
635.77,0,0,1175468,82633,50890,21516,36203,14687,0,0,0,0,0,0,0,0,0,0,0,0,0,0,0,0,0,2025-10-30 06:18:29
635.77,0,0,1143531,78643,50890,21516,36203,14687,0,0,0,0,0,0,0,0,0,0,0,0,0,0,0,0,0,2025-10-30 06:18:49
635.77,0,0,1135595,78356,50890,21516,36203,14687,0,0,0,0,0,0,0,0,0,0,0,0,0,0,0,0,0,2025-10-30 06:19:09
635.77,0,0,1143531,78643,50890,21516,36203,14687,0,0,0,0,0,0,0,0,0,0,0,0,0,0,0,0,0,2025-10-30 06:19:29
635.77,0,0,1136317,78356,50890,21516,36203,14687,0,0,0,0,0,0,0,0,0,0,0,0,0,0,0,0,0,2025-10-30 06:19:49
635.77,0,0,1153362,79684,50890,21516,36203,14687,0,0,0,0,0,0,0,0,0,0,0,0,0,0,0,0,0,2025-10-30 06:20:09
635.77,0,0,1187292,82633,50890,21516,36203,14687,0,0,0,0,0,0,0,0,0,0,0,0,0,0,0,0,0,2025-10-30 06:20:29
635.77,0,0,1175468,82633,50890,21516,36203,14687,0,0,0,0,0,0,0,0,0,0,0,0,0,0,0,0,0,2025-10-30 06:20:50
635.77,0,0,1169996,82633,50890,21516,36203,14687,0,0,0,0,0,0,0,0,0,0,0,0,0,0,0,0,0,2025-10-30 06:21:10
635.77,0,0,1171832,82633,50890,21516,36203,14687,0,0,0,0,0,0,0,0,0,0,0,0,0,0,0,0,0,2025-10-30 06:21:30
635.77,0,0,1173624,82633,50890,21516,36203,14687,0,0,0,0,0,0,0,0,0,0,0,0,0,0,0,0,0,2025-10-30 06:21:50
635.77,0,0,1189595,82633,50890,21516,36203,14687,0,0,0,0,0,0,0,0,0,0,0,0,0,0,0,0,0,2025-10-30 06:22:10
635.77,0,0,1183988,82633,50890,21516,36203,14687,0,0,0,0,0,0,0,0,0,0,0,0,0,0,0,0,0,2025-10-30 06:22:30
635.77,0,0,1189595,82633,50890,21516,36203,14687,0,0,0,0,0,0,0,0,0,0,0,0,0,0,0,0,0,2025-10-30 06:22:51
635.77,0,0,1217870,82633,50890,21516,36203,14687,0,0,0,0,0,0,0,0,0,0,0,0,0,0,0,0,0,2025-10-30 06:23:11
635.77,0,0,1210824,82633,50890,21516,36203,14687,0,0,0,0,0,0,0,0,0,0,0,0,0,0,0,0,0,2025-10-30 06:23:31
635.77,0,0,1227383,83967,50890,21516,36203,14687,0,0,0,0,0,0,0,0,0,0,0,0,0,0,0,0,0,2025-10-30 06:23:51
635.77,0,0,1231452,83967,50890,21516,36203,14687,0,0,0,0,0,0,0,0,0,0,0,0,0,0,0,0,0,2025-10-30 06:24:11
635.77,0,0,1214255,82633,50890,21516,36203,14687,0,0,0,0,0,0,0,0,0,0,0,0,0,0,0,0,0,2025-10-30 06:24:31
635.77,0,0,1210181,82633,50890,21516,36203,14687,0,0,0,0,0,0,0,0,0,0,0,0,0,0,0,0,0,2025-10-30 06:24:36
635.77,0,0,1220872,82633,50890,21516,36203,14687,0,0,0,0,0,0,0,0,0,0,0,0,0,0,0,0,0,2025-10-30 06:24:41
635.77,0,0,1226773,83967,50890,21516,36203,14687,0,0,0,0,0,0,0,0,0,0,0,0,0,0,0,0,0,2025-10-30 06:25:17
635.77,0,0,1225763,83967,50890,21516,36203,14687,0,0,0,0,0,0,0,0,0,0,0,0,0,0,0,0,0,2025-10-30 06:25:22
635.77,0,0,1221243,82633,50890,21516,36203,14687,0,0,0,0,0,0,0,0,0,0,0,0,0,0,0,0,0,2025-10-30 06:25:27
635.77,0,0,1218025,82633,50890,21516,36203,14687,0,0,0,0,0,0,0,0,0,0,0,0,0,0,0,0,0,2025-10-30 06:25:33
635.77,0,0,1214255,82633,50890,21516,36203,14687,0,0,0,0,0,0,0,0,0,0,0,0,0,0,0,0,0,2025-10-30 06:25:38
635.77,0,0,1221380,84141,50890,21516,36203,14687,0,0,0,0,0,0,0,0,0,0,0,0,0,0,0,0,0,2025-10-30 06:25:44
635.77,0,0,1221243,82633,50890,21516,36203,14687,0,0,0,0,0,0,0,0,0,0,0,0,0,0,0,0,0,2025-10-30 06:25:49
635.77,0,0,1221243,82633,50890,21516,36203,14687,0,0,0,0,0,0,0,0,0,0,0,0,0,0,0,0,0,2025-10-30 06:25:54
635.77,0,0,1213955,82633,50890,21516,36203,14687,0,0,0,0,0,0,0,0,0,0,0,0,0,0,0,0,0,2025-10-30 06:25:59
635.77,0,0,1217870,82633,50890,21516,36203,14687,0,0,0,0,0,0,0,0,0,0,0,0,0,0,0,0,0,2025-10-30 06:26:04
635.77,0,0,1218025,82633,50890,21516,36203,14687,0,0,0,0,0,0,0,0,0,0,0,0,0,0,0,0,0,2025-10-30 06:26:09
635.77,0,0,1220872,82633,50890,21516,36203,14687,0,0,0,0,0,0,0,0,0,0,0,0,0,0,0,0,0,2025-10-30 06:26:16
635.77,0,0,1210824,82633,50890,21516,36203,14687,0,0,0,0,0,0,0,0,0,0,0,0,0,0,0,0,0,2025-10-30 06:26:21
635.77,0,0,1221243,82633,50890,21516,36203,14687,0,0,0,0,0,0,0,0,0,0,0,0,0,0,0,0,0,2025-10-30 06:26:41
635.77,0,0,1217870,82633,50890,21516,36203,14687,0,0,0,0,0,0,0,0,0,0,0,0,0,0,0,0,0,2025-10-30 06:27:01
635.77,0,0,1221889,84338,50890,21516,36203,14687,0,0,0,0,0,0,0,0,0,0,0,0,0,0,0,0,0,2025-10-30 06:27:21
635.77,0,0,1232437,85410,50890,21516,36203,14687,0,0,0,0,0,0,0,0,0,0,0,0,0,0,0,0,0,2025-10-30 06:27:41
635.77,0,0,1230079,83967,50890,21516,36203,14687,0,0,0,0,0,0,0,0,0,0,0,0,0,0,0,0,0,2025-10-30 06:28:01
635.77,0,0,1230079,83967,50890,21516,36203,14687,0,0,0,0,0,0,0,0,0,0,0,0,0,0,0,0,0,2025-10-30 06:28:22
635.77,0,0,1227383,83967,50890,21516,36203,14687,0,0,0,0,0,0,0,0,0,0,0,0,0,0,0,0,0,2025-10-30 06:28:42
635.77,0,0,1230079,83967,50890,21516,36203,14687,0,0,0,0,0,0,0,0,0,0,0,0,0,0,0,0,0,2025-10-30 06:29:02
635.77,0,0,1220872,82633,50890,21516,36203,14687,0,0,0,0,0,0,0,0,0,0,0,0,0,0,0,0,0,2025-10-30 06:29:22
635.77,0,0,1221243,82633,50890,21516,36203,14687,0,0,0,0,0,0,0,0,0,0,0,0,0,0,0,0,0,2025-10-30 06:29:42
635.77,0,0,1417547,109236,76891,27157,52024,24867,0,0,0,0,0,0,0,0,0,0,0,0,0,0,0,0,0,2025-10-30 06:30:02
635.77,0,0,1348988,118680,132062,30632,81347,50715,0,0,0,0,0,0,0,0,0,0,0,0,0,0,0,0,0,2025-10-30 06:30:23
635.77,0,0,1397281,120303,132062,30632,81347,50715,0,0,0,0,0,0,0,0,0,0,0,0,0,0,0,0,0,2025-10-30 06:30:43
635.77,0,0,1400587,120303,132062,30632,81347,50715,0,0,0,0,0,0,0,0,0,0,0,0,0,0,0,0,0,2025-10-30 06:31:03
635.77,0,0,1417240,120303,132062,30632,81347,50715,0,0,0,0,0,0,0,0,0,0,0,0,0,0,0,0,0,2025-10-30 06:31:23
635.77,0,0,1450850,123411,132062,30632,81347,50715,0,0,0,0,0,0,0,0,0,0,0,0,0,0,0,0,0,2025-10-30 06:31:43
635.77,0,0,1489759,123411,132062,30632,81347,50715,0,0,0,0,0,0,0,0,0,0,0,0,0,0,0,0,0,2025-10-30 06:32:03
635.77,0,0,1489759,123411,132062,30632,81347,50715,0,0,0,0,0,0,0,0,0,0,0,0,0,0,0,0,0,2025-10-30 06:32:24
635.77,0,0,1450844,121390,132062,30632,81347,50715,0,0,0,0,0,0,0,0,0,0,0,0,0,0,0,0,0,2025-10-30 06:32:44
635.77,0,0,1481990,123411,132062,30632,81347,50715,0,0,0,0,0,0,0,0,0,0,0,0,0,0,0,0,0,2025-10-30 06:33:04
635.77,0,0,1421797,120303,132062,30632,81347,50715,0,0,0,0,0,0,0,0,0,0,0,0,0,0,0,0,0,2025-10-30 06:33:24
635.77,0,0,1419837,120303,132062,30632,81347,50715,0,0,0,0,0,0,0,0,0,0,0,0,0,0,0,0,0,2025-10-30 06:33:44
635.77,0,0,1421797,120303,132062,30632,81347,50715,0,0,0,0,0,0,0,0,0,0,0,0,0,0,0,0,0,2025-10-30 06:34:04
635.77,0,0,1403699,120303,132062,30632,81347,50715,0,0,0,0,0,0,0,0,0,0,0,0,0,0,0,0,0,2025-10-30 06:34:25
635.77,0,0,1402675,120303,132062,30632,81347,50715,0,0,0,0,0,0,0,0,0,0,0,0,0,0,0,0,0,2025-10-30 06:34:45
635.77,0,0,1417240,120303,132062,30632,81347,50715,0,0,0,0,0,0,0,0,0,0,0,0,0,0,0,0,0,2025-10-30 06:35:05
635.77,0,0,1421797,120303,132062,30632,81347,50715,0,0,0,0,0,0,0,0,0,0,0,0,0,0,0,0,0,2025-10-30 06:35:25
635.77,0,0,1450844,121390,132062,30632,81347,50715,0,0,0,0,0,0,0,0,0,0,0,0,0,0,0,0,0,2025-10-30 06:35:45
635.77,0,0,1405203,120303,132062,30632,81347,50715,0,0,0,0,0,0,0,0,0,0,0,0,0,0,0,0,0,2025-10-30 06:36:05
635.77,0,0,1429217,120303,132062,30632,81347,50715,0,0,0,0,0,0,0,0,0,0,0,0,0,0,0,0,0,2025-10-30 06:36:25
635.77,0,0,1419837,120303,132062,30632,81347,50715,0,0,0,0,0,0,0,0,0,0,0,0,0,0,0,0,0,2025-10-30 06:36:46
635.77,0,0,1421797,120303,132062,30632,81347,50715,0,0,0,0,0,0,0,0,0,0,0,0,0,0,0,0,0,2025-10-30 06:37:05
635.77,0,0,1421797,120303,132062,30632,81347,50715,0,0,0,0,0,0,0,0,0,0,0,0,0,0,0,0,0,2025-10-30 06:37:26
635.77,0,0,1430304,120303,132062,30632,81347,50715,0,0,0,0,0,0,0,0,0,0,0,0,0,0,0,0,0,2025-10-30 06:37:35
635.77,0,0,1417240,120303,132062,30632,81347,50715,0,0,0,0,0,0,0,0,0,0,0,0,0,0,0,0,0,2025-10-30 06:37:55
635.77,0,0,1405203,120303,132062,30632,81347,50715,0,0,0,0,0,0,0,0,0,0,0,0,0,0,0,0,0,2025-10-30 06:38:16
635.77,0,0,1355047,120764,132062,30632,81347,50715,0,0,0,0,0,0,0,0,0,0,0,0,0,0,0,0,0,2025-10-30 06:38:36
635.77,0,0,1400587,120303,132062,30632,81347,50715,0,0,0,0,0,0,0,0,0,0,0,0,0,0,0,0,0,2025-10-30 06:38:56
635.77,0,0,1376227,120764,132062,30632,81347,50715,0,0,0,0,0,0,0,0,0,0,0,0,0,0,0,0,0,2025-10-30 06:39:16
635.77,0,0,1409263,120303,132062,30632,81347,50715,0,0,0,0,0,0,0,0,0,0,0,0,0,0,0,0,0,2025-10-30 06:39:36
635.77,0,0,1397281,120764,132062,30632,81347,50715,0,0,0,0,0,0,0,0,0,0,0,0,0,0,0,0,0,2025-10-30 06:39:56
635.77,0,0,1367334,120764,132062,30632,81347,50715,0,0,0,0,0,0,0,0,0,0,0,0,0,0,0,0,0,2025-10-30 06:40:17
635.77,0,0,1376227,120764,132062,30632,81347,50715,0,0,0,0,0,0,0,0,0,0,0,0,0,0,0,0,0,2025-10-30 06:40:37
635.77,0,0,1359068,120764,132062,30632,81347,50715,0,0,0,0,0,0,0,0,0,0,0,0,0,0,0,0,0,2025-10-30 06:40:57
635.77,0,0,1347034,118680,132062,30632,81347,50715,0,0,0,0,0,0,0,0,0,0,0,0,0,0,0,0,0,2025-10-30 06:41:17
635.77,0,0,1345213,118680,132062,30632,81347,50715,0,0,0,0,0,0,0,0,0,0,0,0,0,0,0,0,0,2025-10-30 06:41:37
635.77,0,0,1367334,120764,132062,30632,81347,50715,0,0,0,0,0,0,0,0,0,0,0,0,0,0,0,0,0,2025-10-30 06:41:57
635.77,0,0,1405203,120303,132062,30632,81347,50715,0,0,0,0,0,0,0,0,0,0,0,0,0,0,0,0,0,2025-10-30 06:42:18
635.77,0,0,1405203,120303,132062,30632,81347,50715,0,0,0,0,0,0,0,0,0,0,0,0,0,0,0,0,0,2025-10-30 06:42:38
635.77,0,0,1421797,120303,132062,30632,81347,50715,0,0,0,0,0,0,0,0,0,0,0,0,0,0,0,0,0,2025-10-30 06:42:58
635.77,0,0,1400184,120303,132062,30632,81347,50715,0,0,0,0,0,0,0,0,0,0,0,0,0,0,0,0,0,2025-10-30 06:43:26
635.77,0,0,1397281,120764,132062,30632,81347,50715,0,0,0,0,0,0,0,0,0,0,0,0,0,0,0,0,0,2025-10-30 06:43:31
635.77,0,0,1400184,120303,132062,30632,81347,50715,0,0,0,0,0,0,0,0,0,0,0,0,0,0,0,0,0,2025-10-30 06:43:39
